index,rank,prev_rank,name,league,off,def,spi
0,1,1,Bayern Munich,German Bundesliga,3.41,0.51,92.58
1,2,2,Manchester City,Barclays Premier League,2.85,0.36,91.17
2,3,3,Barcelona,Spanish Primera Division,2.67,0.43,88.48
3,4,4,Paris Saint-Germain,French Ligue 1,2.89,0.62,87.29
4,5,5,Liverpool,Barclays Premier League,2.75,0.6,86.36
5,6,6,Arsenal,Barclays Premier League,2.3,0.38,85.87
6,7,7,Real Madrid,Spanish Primera Division,2.67,0.64,84.81
7,8,8,Napoli,Italy Serie A,2.5,0.73,81.14
8,9,13,FC Porto,Portuguese Liga,2.39,0.67,81.07
9,10,11,RB Leipzig,German Bundesliga,2.48,0.73,81.05
10,11,9,Chelsea,Barclays Premier League,2.16,0.53,80.95
11,12,12,Benfica,Portuguese Liga,2.46,0.73,80.63
12,13,14,Internazionale,Italy Serie A,2.53,0.79,80.42
13,14,10,Ajax,Dutch Eredivisie,2.93,1.07,80.06
14,15,16,Manchester United,Barclays Premier League,2.29,0.66,79.99
15,16,18,Newcastle,Barclays Premier League,2.15,0.58,79.85
16,17,15,Tottenham Hotspur,Barclays Premier League,2.34,0.72,79.36
17,18,17,Brighton and Hove Albion,Barclays Premier League,2.14,0.65,78.19
18,19,19,AC Milan,Italy Serie A,2.28,0.74,78.01
19,20,20,Borussia Dortmund,German Bundesliga,2.33,0.84,76.56
20,21,21,Zenit St Petersburg,Russian Premier Liga,2.09,0.69,76.46
21,22,22,Athletic Bilbao,Spanish Primera Division,1.94,0.61,75.89
22,23,23,Atletico Madrid,Spanish Primera Division,2.0,0.67,75.46
23,24,28,Marseille,French Ligue 1,2.0,0.69,75.12
24,25,27,FC Salzburg,Austrian T-Mobile Bundesliga,2.09,0.78,74.29
25,26,26,Eintracht Frankfurt,German Bundesliga,2.14,0.83,74.07
26,27,24,West Ham United,Barclays Premier League,1.83,0.62,73.78
27,28,25,PSV,Dutch Eredivisie,2.36,1.0,73.75
28,29,34,Bayer Leverkusen,German Bundesliga,2.12,0.84,73.44
29,30,30,Real Sociedad,Spanish Primera Division,1.83,0.64,73.42
30,31,29,AS Roma,Italy Serie A,1.93,0.71,73.41
31,32,31,Feyenoord,Dutch Eredivisie,2.21,0.92,73.07
32,33,32,Villarreal,Spanish Primera Division,1.82,0.65,73.04
33,34,37,SC Freiburg,German Bundesliga,2.11,0.85,72.97
34,35,38,Juventus,Italy Serie A,1.98,0.76,72.89
35,36,44,Aston Villa,Barclays Premier League,1.88,0.72,72.19
36,37,35,Lille,French Ligue 1,1.91,0.74,72.16
37,38,36,Stade Rennes,French Ligue 1,1.96,0.8,71.8
38,39,33,Lyon,French Ligue 1,2.0,0.83,71.75
39,40,40,Sporting CP,Portuguese Liga,1.97,0.81,71.74
40,41,41,Valencia,Spanish Primera Division,1.87,0.75,71.29
41,42,42,Atalanta,Italy Serie A,2.05,0.89,71.16
42,43,46,Fiorentina,Italy Serie A,1.97,0.84,70.88
43,44,39,Palmeiras,Brasileiro Série A,1.81,0.74,70.63
44,45,47,Lens,French Ligue 1,1.82,0.75,70.53
45,46,43,AS Monaco,French Ligue 1,2.03,0.92,70.21
46,47,54,Leicester City,Barclays Premier League,1.95,0.86,70.19
47,48,48,VfL Wolfsburg,German Bundesliga,2.0,0.9,70.07
48,49,49,Osasuna,Spanish Primera Division,1.71,0.69,70.01
49,50,45,Celtic,Scottish Premiership,2.37,1.19,69.9
50,51,52,Real Betis,Spanish Primera Division,1.69,0.69,69.58
51,52,50,Crystal Palace,Barclays Premier League,1.75,0.73,69.49
52,53,55,Mainz,German Bundesliga,1.95,0.89,69.42
53,54,51,Lazio,Italy Serie A,1.88,0.86,68.92
54,55,67,Brentford,Barclays Premier League,2.01,0.98,68.3
55,56,58,TSG Hoffenheim,German Bundesliga,2.05,1.02,68.28
56,57,63,Genk,Belgian Jupiler League,2.15,1.1,68.26
57,58,59,Sevilla FC,Spanish Primera Division,1.73,0.78,68.0
58,59,62,Borussia Monchengladbach,German Bundesliga,2.17,1.14,67.65
59,60,60,Celta Vigo,Spanish Primera Division,1.68,0.76,67.62
60,61,61,Rayo Vallecano,Spanish Primera Division,1.73,0.8,67.51
61,62,56,Flamengo,Brasileiro Série A,1.8,0.85,67.46
62,63,57,1. FC Union Berlin,German Bundesliga,1.69,0.77,67.34
63,64,69,Atletico Mineiro,Brasileiro Série A,1.56,0.69,66.93
64,65,53,Fenerbahce,Turkish Turkcell Super Lig,2.15,1.16,66.79
65,66,65,Mallorca,Spanish Primera Division,1.59,0.73,66.47
66,67,66,Club América,Mexican Primera Division Torneo Apertura,1.89,0.97,66.34
67,68,64,FC Cologne,German Bundesliga,1.93,1.01,66.21
68,69,70,FC Twente,Dutch Eredivisie,1.81,0.93,65.84
69,70,68,VfB Stuttgart,German Bundesliga,1.93,1.04,65.47
70,71,74,Udinese,Italy Serie A,1.86,0.99,65.25
71,72,72,Leeds United,Barclays Premier League,1.94,1.06,65.11
72,73,71,Club Brugge,Belgian Jupiler League,1.99,1.14,64.33
73,74,77,Braga,Portuguese Liga,1.78,0.97,64.32
74,75,83,Young Boys,Swiss Raiffeisen Super League,1.99,1.14,64.23
75,76,75,Girona FC,Spanish Primera Division,1.78,0.98,63.9
76,77,76,Fluminense,Brasileiro Série A,1.62,0.85,63.83
77,78,80,Torino,Italy Serie A,1.63,0.86,63.82
78,79,73,Rangers,Scottish Premiership,1.89,1.08,63.7
79,80,86,Nice,French Ligue 1,1.6,0.85,63.65
80,81,78,Werder Bremen,German Bundesliga,1.86,1.07,63.42
81,82,84,Southampton,Barclays Premier League,1.76,0.99,63.23
82,83,81,Slavia Prague,UEFA Europa Conference League,1.83,1.06,63.09
83,84,88,Hertha Berlin,German Bundesliga,1.75,1.0,63.07
84,85,79,Wolverhampton,Barclays Premier League,1.61,0.88,62.88
85,86,90,AZ,Dutch Eredivisie,1.85,1.1,62.56
86,87,85,Getafe,Spanish Primera Division,1.43,0.74,62.55
87,88,94,Internacional,Brasileiro Série A,1.58,0.89,62.15
88,89,87,Fulham,Barclays Premier League,1.82,1.1,62.05
89,90,89,Monterrey,Mexican Primera Division Torneo Apertura,1.64,0.95,61.98
90,91,91,Dinamo Zagreb,UEFA Champions League,1.8,1.09,61.85
91,92,93,Espanyol,Spanish Primera Division,1.6,0.92,61.67
92,93,99,São Paulo,Brasileiro Série A,1.53,0.89,60.93
93,94,92,Sassuolo,Italy Serie A,1.77,1.11,60.76
94,95,82,Everton,Barclays Premier League,1.63,0.98,60.75
95,96,95,Tigres UANL,Mexican Primera Division Torneo Apertura,1.57,0.94,60.68
96,97,96,Pachuca,Mexican Primera Division Torneo Apertura,1.66,1.02,60.66
97,98,97,Strasbourg,French Ligue 1,1.74,1.09,60.61
98,99,98,Spartak Moscow,Russian Premier Liga,1.75,1.14,59.73
99,100,100,Bodo/Glimt,Norwegian Tippeligaen,2.15,1.49,59.7
100,101,109,KAA Gent,Belgian Jupiler League,1.68,1.08,59.41
101,102,102,Union Saint Gilloise,Belgian Jupiler League,1.79,1.21,59.0
102,103,101,Shakhtar Donetsk,UEFA Europa League,1.82,1.23,58.84
103,104,106,Reims,French Ligue 1,1.53,0.98,58.66
104,105,103,Slovácko,UEFA Europa Conference League,1.77,1.21,58.54
105,106,104,Red Star Belgrade,UEFA Europa League,1.75,1.19,58.52
106,107,105,Almeria,Spanish Primera Division,1.59,1.05,58.48
107,108,146,Galatasaray,Turkish Turkcell Super Lig,1.62,1.11,57.72
108,109,118,FC Utrecht,Dutch Eredivisie,1.83,1.3,57.63
109,110,113,FC Copenhagen,Danish SAS-Ligaen,1.61,1.1,57.63
110,111,108,FC Augsburg,German Bundesliga,1.77,1.27,57.22
111,112,107,Real Valladolid,Spanish Primera Division,1.56,1.07,57.16
112,113,111,Molde,Norwegian Tippeligaen,1.88,1.37,56.95
113,114,126,AFC Bournemouth,Barclays Premier League,1.6,1.14,56.61
114,115,119,Bologna,Italy Serie A,1.62,1.15,56.59
115,116,115,Philadelphia Union,Major League Soccer,1.73,1.27,56.22
116,117,116,Cadiz,Spanish Primera Division,1.5,1.06,56.15
117,118,110,Sheffield United,English League Championship,1.58,1.13,56.14
118,119,117,Schalke 04,German Bundesliga,1.61,1.17,56.06
119,120,114,Lorient,French Ligue 1,1.55,1.12,55.91
120,121,112,Verona,Italy Serie A,1.6,1.16,55.85
121,122,128,Nottingham Forest,Barclays Premier League,1.52,1.11,55.27
122,123,141,Monza,Italy Serie A,1.49,1.08,55.22
123,124,131,AC Ajaccio,French Ligue 1,1.44,1.05,55.02
124,125,121,Viktoria Plzen,UEFA Champions League,1.82,1.41,54.85
125,126,125,Los Angeles FC,Major League Soccer,1.74,1.35,54.71
126,127,124,VfL Bochum,German Bundesliga,1.66,1.27,54.6
127,128,123,SK Sturm Graz,Austrian T-Mobile Bundesliga,1.5,1.12,54.59
128,129,127,Ferencvaros,UEFA Europa League,1.63,1.25,54.53
129,130,122,Trabzonspor,Turkish Turkcell Super Lig,1.59,1.22,54.49
130,131,130,SC Dnipro-1,UEFA Europa Conference League,1.67,1.29,54.36
131,132,132,Yokohama F. Marinos,Japanese J League,1.73,1.36,54.04
132,133,144,América Mineiro,Brasileiro Série A,1.42,1.06,54.04
133,134,120,Corinthians,Brasileiro Série A,1.24,0.89,53.97
134,135,143,Fortaleza,Brasileiro Série A,1.34,1.0,53.96
135,136,140,Dinamo Moscow,Russian Premier Liga,1.62,1.27,53.86
136,137,129,CSKA Moscow,Russian Premier Liga,1.45,1.1,53.8
137,138,135,River Plate,Argentina Primera Division,1.44,1.1,53.77
138,139,156,Burnley,English League Championship,1.52,1.18,53.74
139,140,145,Toulouse,French Ligue 1,1.54,1.21,53.51
140,141,148,Brest,French Ligue 1,1.5,1.18,53.39
141,142,139,FK Partizan Belgrade,UEFA Europa Conference League,1.48,1.16,53.23
142,143,142,Dynamo Kiev,UEFA Europa League,1.51,1.19,53.06
143,144,134,Troyes,French Ligue 1,1.63,1.32,52.93
144,145,151,Lecce,Italy Serie A,1.37,1.06,52.91
145,146,133,Nantes,French Ligue 1,1.49,1.18,52.88
146,147,138,Norwich City,English League Championship,1.51,1.21,52.73
147,148,137,Olympiacos,Greek Super League,1.32,1.04,52.55
148,149,157,Middlesbrough,English League Championship,1.37,1.09,52.44
149,150,147,Clermont Foot,French Ligue 1,1.48,1.19,52.39
150,151,136,Anderlecht,Belgian Jupiler League,1.51,1.23,52.28
151,152,166,Antwerp,Belgian Jupiler League,1.49,1.21,52.19
152,153,170,West Bromwich Albion,English League Championship,1.31,1.05,51.92
153,154,153,Steaua Bucuresti,UEFA Europa Conference League,1.5,1.24,51.89
154,155,158,Panathinaikos,Greek Super League,1.26,1.0,51.85
155,156,154,Kawasaki Frontale,Japanese J League,1.77,1.51,51.84
156,157,152,FC Midtjylland,Danish SAS-Ligaen,1.53,1.27,51.74
157,158,159,New York City FC,Major League Soccer,1.6,1.35,51.62
158,159,155,Montpellier,French Ligue 1,1.53,1.29,51.5
159,160,162,Besiktas,Turkish Turkcell Super Lig,1.67,1.42,51.41
160,161,163,Guadalajara,Mexican Primera Division Torneo Apertura,1.34,1.1,51.4
161,162,149,Watford,English League Championship,1.39,1.15,51.35
162,163,167,Guimaraes,Portuguese Liga,1.3,1.06,51.33
163,164,176,Angers,French Ligue 1,1.45,1.21,51.24
164,165,165,Heerenveen,Dutch Eredivisie,1.45,1.22,50.93
165,166,161,Portimonense,Portuguese Liga,1.37,1.15,50.93
166,167,181,Vitesse,Dutch Eredivisie,1.56,1.34,50.78
167,168,171,Santos Laguna,Mexican Primera Division Torneo Apertura,1.64,1.43,50.68
168,169,192,Atlético Paranaense,Brasileiro Série A,1.32,1.11,50.65
169,170,172,Montreal Impact,Major League Soccer,1.56,1.36,50.6
170,171,175,Adana Demirspor,Turkish Turkcell Super Lig,1.49,1.3,50.4
171,172,177,Lech Poznan,UEFA Europa Conference League,1.38,1.18,50.35
172,173,179,Elche,Spanish Primera Division,1.44,1.24,50.3
173,174,173,Sparta,Dutch Eredivisie,1.49,1.3,50.29
174,175,190,Rostov,Russian Premier Liga,1.56,1.36,50.28
175,176,202,NEC,Dutch Eredivisie,1.49,1.3,50.25
176,177,164,Santos,Brasileiro Série A,1.27,1.07,50.19
177,178,180,AEK Athens,Greek Super League,1.34,1.15,50.0
178,179,168,Rosenborg,Norwegian Tippeligaen,1.94,1.77,49.94
179,180,174,Cremonese,Italy Serie A,1.46,1.28,49.92
180,181,189,Millwall,English League Championship,1.32,1.13,49.92
181,182,178,Sampdoria,Italy Serie A,1.36,1.19,49.7
182,183,160,Botafogo,Brasileiro Série A,1.23,1.07,49.52
183,184,183,Maccabi Haifa,UEFA Champions League,1.69,1.54,49.35
184,185,188,Gil Vicente,Portuguese Liga,1.41,1.25,49.3
185,186,184,FC Sheriff Tiraspol,UEFA Europa League,1.48,1.34,49.26
186,187,185,Hapoel Be'er,UEFA Europa Conference League,1.49,1.34,49.22
187,188,199,Konyaspor,Turkish Turkcell Super Lig,1.33,1.18,49.1
188,189,194,Rapid Vienna,Austrian T-Mobile Bundesliga,1.43,1.3,48.79
189,190,186,Famalicao,Portuguese Liga,1.3,1.16,48.74
190,191,195,Spezia,Italy Serie A,1.49,1.37,48.71
191,192,203,Santa Clara,Portuguese Liga,1.21,1.08,48.65
192,193,191,FK Qarabag,UEFA Europa League,1.43,1.31,48.59
193,194,196,Cruz Azul,Mexican Primera Division Torneo Apertura,1.4,1.3,48.21
194,195,197,Argentinos Juniors,Argentina Primera Division,1.2,1.08,48.2
195,196,198,Bragantino,Brasileiro Série A,1.4,1.29,48.17
196,197,216,FC Nordsjaelland,Danish SAS-Ligaen,1.39,1.29,48.13
197,198,201,Empoli,Italy Serie A,1.45,1.35,48.12
198,199,205,Vizela,Portuguese Liga,1.31,1.21,48.06
199,200,200,LASK Linz,Austrian T-Mobile Bundesliga,1.57,1.48,47.92
200,201,150,Istanbul Basaksehir,Turkish Turkcell Super Lig,1.34,1.25,47.85
201,202,208,Chaves,Portuguese Liga,1.34,1.26,47.74
202,203,169,FC Krasnodar,Russian Premier Liga,1.47,1.39,47.74
203,204,204,Auxerre,French Ligue 1,1.36,1.28,47.54
204,205,248,St Gallen,Swiss Raiffeisen Super League,1.76,1.73,46.99
205,206,219,Rio Ave,Portuguese Liga,1.3,1.25,46.83
206,207,220,PAOK Salonika,Greek Super League,1.22,1.17,46.77
207,208,221,Sochi,Russian Premier Liga,1.41,1.37,46.68
208,209,187,Salernitana,Italy Serie A,1.47,1.44,46.64
209,210,182,RKC,Dutch Eredivisie,1.62,1.6,46.62
210,211,207,Luton Town,English League Championship,1.23,1.19,46.38
211,212,209,FC Cincinnati,Major League Soccer,1.64,1.63,46.27
212,213,233,Emmen,Dutch Eredivisie,1.34,1.32,46.13
213,214,210,Huracán,Argentina Primera Division,1.11,1.08,46.05
214,215,223,Swansea City,English League Championship,1.31,1.31,45.83
215,216,193,Silkeborg,Danish SAS-Ligaen,1.57,1.58,45.75
216,217,230,Ceará,Brasileiro Série A,1.14,1.12,45.73
217,218,206,Go Ahead Eagles,Dutch Eredivisie,1.53,1.55,45.68
218,219,215,Los Angeles Galaxy,Major League Soccer,1.61,1.63,45.65
219,220,218,Hammarby,Swedish Allsvenskan,1.52,1.55,45.44
220,221,234,Parma,Italy Serie B,1.27,1.28,45.38
221,222,225,Urawa Red Diamonds,Japanese J League,1.31,1.34,44.92
222,223,211,Terek Grozny,Russian Premier Liga,1.34,1.38,44.9
223,224,226,Levante,Spanish Segunda Division,1.21,1.23,44.84
224,225,227,León,Mexican Primera Division Torneo Apertura,1.39,1.44,44.81
225,226,245,Coventry City,English League Championship,1.17,1.19,44.76
226,227,214,Stoke City,English League Championship,1.23,1.26,44.74
227,228,228,Apollon Limassol,UEFA Europa Conference League,1.21,1.24,44.74
228,229,212,Basel,Swiss Raiffeisen Super League,1.31,1.35,44.72
229,230,229,Velez Sarsfield,Argentina Primera Division,1.14,1.17,44.69
230,231,224,Boavista,Portuguese Liga,1.23,1.27,44.64
231,232,213,Estoril Praia,Portuguese Liga,1.23,1.27,44.63
232,233,246,Cercle Brugge,Belgian Jupiler League,1.39,1.44,44.59
233,234,231,Atlanta United FC,Major League Soccer,1.48,1.55,44.44
234,235,239,Birmingham,English League Championship,1.18,1.23,44.28
235,236,222,Bordeaux,French Ligue 2,1.18,1.23,44.27
236,237,235,Talleres de Córdoba,Argentina Primera Division,1.21,1.26,44.2
237,238,236,Toluca,Mexican Primera Division Torneo Apertura,1.51,1.59,44.18
238,239,237,Atlas,Mexican Primera Division Torneo Apertura,1.23,1.29,44.16
239,240,217,Casa Pia,Portuguese Liga,1.17,1.22,44.16
240,241,238,Pumas Unam,Mexican Primera Division Torneo Apertura,1.29,1.36,44.15
241,242,241,Nashville SC,Major League Soccer,1.35,1.43,43.99
242,243,287,KVC Westerlo,Belgian Jupiler League,1.48,1.58,43.95
243,244,242,AEK Larnaca,UEFA Europa League,1.17,1.24,43.81
244,245,254,Hamburg SV,German 2. Bundesliga,1.45,1.56,43.48
245,246,247,Racing Club,Argentina Primera Division,1.21,1.3,43.43
246,247,232,FK Austria Vienna,Austrian T-Mobile Bundesliga,1.31,1.41,43.34
247,248,249,CA Independiente,Argentina Primera Division,1.09,1.17,43.29
248,249,270,Viborg,Danish SAS-Ligaen,1.23,1.33,43.24
249,250,299,Metz,French Ligue 2,1.34,1.46,43.16
250,251,240,Kayserispor,Turkish Turkcell Super Lig,1.32,1.44,43.05
251,252,253,New York Red Bulls,Major League Soccer,1.17,1.29,42.85
252,253,307,Aris Salonika,Greek Super League,1.1,1.2,42.84
253,254,255,Tigre,Argentina Primera Division,1.26,1.39,42.67
254,255,244,Queens Park Rangers,English League Championship,1.18,1.3,42.63
255,256,256,Puebla,Mexican Primera Division Torneo Apertura,1.3,1.44,42.54
256,257,257,Austin FC,Major League Soccer,1.45,1.61,42.52
257,258,259,Standard Liege,Belgian Jupiler League,1.32,1.46,42.5
258,259,243,Atlético Goianiense,Brasileiro Série A,1.22,1.36,42.47
259,260,260,Antalyaspor,Turkish Turkcell Super Lig,1.41,1.57,42.47
260,261,250,Preston North End,English League Championship,1.13,1.26,42.33
261,262,263,San Lorenzo,Argentina Primera Division,0.98,1.09,42.3
262,263,264,BK Hacken,Swedish Allsvenskan,1.59,1.78,42.19
263,264,294,Cuiaba,Brasileiro Série A,1.12,1.25,42.18
264,265,274,Frosinone,Italy Serie B,1.14,1.28,42.15
265,266,267,Ludogorets,UEFA Europa League,1.32,1.49,42.04
266,267,273,Le Havre,French Ligue 2,1.03,1.16,41.97
267,268,268,IF Elfsborg,Swedish Allsvenskan,1.38,1.57,41.89
268,269,272,Aberdeen,Scottish Premiership,1.35,1.53,41.83
269,270,251,FC Arouca,Portuguese Liga,1.1,1.25,41.79
270,271,282,Wolfsberger AC,Austrian T-Mobile Bundesliga,1.62,1.85,41.7
271,272,271,Sochaux,French Ligue 2,1.11,1.27,41.62
272,273,269,Granada,Spanish Segunda Division,1.02,1.17,41.56
273,274,262,Genoa,Italy Serie B,1.13,1.3,41.44
274,275,301,WSG Swarovski Wattens,Austrian T-Mobile Bundesliga,1.5,1.73,41.43
275,276,288,Bristol City,English League Championship,1.2,1.38,41.35
276,277,261,St. Truidense,Belgian Jupiler League,1.08,1.25,41.25
277,278,275,Djurgardens IF,Swedish Allsvenskan,1.25,1.45,41.25
278,279,276,CFR 1907 Cluj,UEFA Europa Conference League,1.2,1.39,41.24
279,280,277,Mamelodi Sundowns,South African ABSA Premier League,1.19,1.38,41.21
280,281,281,Tijuana,Mexican Primera Division Torneo Apertura,1.26,1.48,40.9
281,282,258,FC Groningen,Dutch Eredivisie,1.36,1.59,40.88
282,283,312,Fortuna Sittard,Dutch Eredivisie,1.39,1.63,40.8
283,284,265,Krylia Sovetov,Russian Premier Liga,1.13,1.33,40.8
284,285,283,Sporting Kansas City,Major League Soccer,1.23,1.44,40.77
285,286,333,FC Zurich,Swiss Raiffeisen Super League,1.32,1.55,40.76
286,287,284,Columbus Crew,Major League Soccer,1.24,1.47,40.66
287,288,285,Orlando City SC,Major League Soccer,1.25,1.48,40.66
288,289,286,Las Palmas,Spanish Segunda Division,0.97,1.15,40.64
289,290,345,Gazovik Orenburg,Russian Premier Liga,1.4,1.65,40.59
290,291,252,St Etienne,French Ligue 2,1.37,1.62,40.57
291,292,289,FC Dallas,Major League Soccer,1.21,1.43,40.46
292,293,290,Sanfrecce Hiroshima,Japanese J League,1.31,1.56,40.44
293,294,291,Boca Juniors,Argentina Primera Division,1.03,1.22,40.4
294,295,292,Necaxa,Mexican Primera Division Torneo Apertura,1.17,1.39,40.38
295,296,349,OH Leuven,Belgian Jupiler League,1.41,1.68,40.33
296,297,295,Eibar,Spanish Segunda Division,1.02,1.22,40.27
297,298,266,Brondby,Danish SAS-Ligaen,1.31,1.57,40.2
298,299,297,Sheffield Wednesday,English League One,1.25,1.5,40.18
299,300,304,Sporting de Charleroi,Belgian Jupiler League,1.4,1.68,40.0
300,301,305,Portland Timbers,Major League Soccer,1.48,1.77,39.97
301,302,296,Alanyaspor,Turkish Turkcell Super Lig,1.37,1.65,39.9
302,303,311,Gazisehir Gaziantep,Turkish Turkcell Super Lig,1.27,1.54,39.89
303,304,298,Hearts,Scottish Premiership,1.32,1.6,39.86
304,305,308,Seattle Sounders FC,Major League Soccer,1.25,1.52,39.74
305,306,306,Maritimo,Portuguese Liga,1.15,1.4,39.71
306,307,300,Cagliari,Italy Serie B,1.15,1.41,39.63
307,308,310,Newell's Old Boys,Argentina Primera Division,0.97,1.2,39.48
308,309,309,Sunderland,English League Championship,1.11,1.37,39.41
309,310,278,Blackburn,English League Championship,1.02,1.27,39.38
310,311,303,Valerenga,Norwegian Tippeligaen,1.39,1.7,39.38
311,312,279,FC Volendam,Dutch Eredivisie,1.36,1.67,39.27
312,313,313,Rosario Central,Argentina Primera Division,1.07,1.32,39.25
313,314,326,FC St. Pauli,German 2. Bundesliga,1.27,1.57,39.24
314,315,314,FC Tokyo,Japanese J League,1.23,1.52,39.24
315,316,315,Kashima Antlers,Japanese J League,1.19,1.47,39.23
316,317,316,Charlotte FC,Major League Soccer,1.29,1.59,39.23
317,318,317,Vissel Kobe,Japanese J League,1.09,1.36,39.12
318,319,280,Coritiba,Brasileiro Série A,1.14,1.41,39.08
319,320,302,SV Darmstadt 98,German 2. Bundesliga,1.25,1.56,38.97
320,321,319,Kasimpasa,Turkish Turkcell Super Lig,1.28,1.6,38.94
321,322,318,Fatih Karagümrük,Turkish Turkcell Super Lig,1.41,1.75,38.92
322,323,320,Real Salt Lake,Major League Soccer,1.19,1.49,38.87
323,324,324,Cardiff City,English League Championship,0.98,1.24,38.81
324,325,321,New England Revolution,Major League Soccer,1.34,1.67,38.77
325,326,322,Omonia Nicosia,UEFA Europa League,1.25,1.57,38.72
326,327,323,Chicago Fire,Major League Soccer,1.28,1.61,38.63
327,328,325,Minnesota United FC,Major League Soccer,1.34,1.68,38.57
328,329,293,Goiás,Brasileiro Série A,1.13,1.43,38.44
329,330,336,Reading,English League Championship,1.06,1.35,38.4
330,331,328,Querétaro,Mexican Primera Division Torneo Apertura,1.17,1.49,38.36
331,332,330,Colorado Rapids,Major League Soccer,1.32,1.68,38.3
332,333,332,Estudiantes,Argentina Primera Division,1.16,1.49,38.16
333,334,329,SK Austria Klagenfurt,Austrian T-Mobile Bundesliga,1.37,1.74,38.13
334,335,342,Cambuur Leeuwarden,Dutch Eredivisie,1.28,1.65,37.85
335,336,338,FC Juárez,Mexican Primera Division Torneo Apertura,0.96,1.26,37.79
336,337,339,Slovan Bratislava,UEFA Europa Conference League,1.09,1.43,37.78
337,338,357,Lillestrom,Norwegian Tippeligaen,1.2,1.56,37.75
338,339,327,Sivasspor,Turkish Turkcell Super Lig,1.15,1.5,37.66
339,340,347,Odense BK,Danish SAS-Ligaen,1.2,1.56,37.61
340,341,341,Lokomotiv Moscow,Russian Premier Liga,1.19,1.56,37.48
341,342,360,Ural Sverdlovsk Oblast,Russian Premier Liga,1.05,1.39,37.41
342,343,348,Excelsior,Dutch Eredivisie,1.31,1.71,37.38
343,344,354,FC Lugano,Swiss Raiffeisen Super League,1.31,1.71,37.31
344,345,346,Malmo FF,Swedish Allsvenskan,1.21,1.6,37.24
345,346,337,Blackpool,English League Championship,1.15,1.52,37.21
346,347,331,Pacos Ferreira,Portuguese Liga,1.05,1.4,37.15
347,348,335,Ipswich Town,English League One,1.18,1.57,36.91
348,349,350,Alavés,Spanish Segunda Division,0.96,1.31,36.85
349,350,334,AGF Aarhus,Danish SAS-Ligaen,1.01,1.37,36.76
350,351,340,Fortuna Düsseldorf,German 2. Bundesliga,1.16,1.55,36.76
351,352,364,Wigan,English League Championship,1.02,1.38,36.72
352,353,352,KV Mechelen,Belgian Jupiler League,1.39,1.85,36.65
353,354,356,Motherwell,Scottish Premiership,1.11,1.5,36.51
354,355,353,Union Santa Fe,Argentina Primera Division,1.01,1.39,36.5
355,356,367,Livingston,Scottish Premiership,1.02,1.41,36.27
356,357,358,Mazatlán FC,Mexican Primera Division Torneo Apertura,1.03,1.42,36.26
357,358,351,Caen,French Ligue 2,1.02,1.41,36.25
358,359,343,FC Luzern,Swiss Raiffeisen Super League,1.26,1.71,36.1
359,360,361,SC Paderborn,German 2. Bundesliga,1.22,1.67,36.08
360,361,399,Derby County,English League One,1.12,1.55,36.06
361,362,365,Tenerife,Spanish Segunda Division,0.85,1.21,36.04
362,363,362,Randers FC,Danish SAS-Ligaen,1.19,1.64,35.99
363,364,366,Melbourne City,Australian A-League,1.25,1.71,35.98
364,365,368,FC Cartagena,Spanish Segunda Division,0.98,1.37,35.9
365,366,369,Lanus,Argentina Primera Division,1.01,1.41,35.79
366,367,401,Avaí,Brasileiro Série A,1.06,1.49,35.76
367,368,416,Austria Lustenau,Austrian T-Mobile Bundesliga,1.17,1.62,35.71
368,369,371,Brescia,Italy Serie B,1.03,1.45,35.67
369,370,372,Inter Miami CF,Major League Soccer,1.27,1.75,35.67
370,371,373,Nagoya Grampus Eight,Japanese J League,0.87,1.24,35.66
371,372,374,Sporting Gijón,Spanish Segunda Division,0.95,1.35,35.65
372,373,379,Pisa,Italy Serie B,1.11,1.56,35.61
373,374,375,Atlético San Luis,Mexican Primera Division Torneo Apertura,1.03,1.46,35.51
374,375,377,AC Horsens,Danish SAS-Ligaen,1.13,1.58,35.49
375,376,400,Benevento,Italy Serie B,0.96,1.37,35.46
376,377,402,Reggina,Italy Serie B,1.0,1.43,35.45
377,378,359,Hibernian,Scottish Premiership,1.02,1.45,35.4
378,379,404,FK Nizhny Novgorod,Russian Premier Liga,1.01,1.44,35.35
379,380,355,Ascoli,Italy Serie B,0.95,1.36,35.33
380,381,370,Ternana,Italy Serie B,1.1,1.56,35.24
381,382,344,Paris FC,French Ligue 2,0.94,1.36,35.24
382,383,381,Vancouver Whitecaps,Major League Soccer,1.15,1.62,35.19
383,384,382,Toronto FC,Major League Soccer,1.31,1.83,35.17
384,385,380,Karlsruher SC,German 2. Bundesliga,1.3,1.81,35.14
385,386,383,Cerezo Osaka,Japanese J League,1.03,1.47,35.12
386,387,384,San Jose Earthquakes,Major League Soccer,1.3,1.82,35.06
387,388,376,Holstein Kiel,German 2. Bundesliga,1.27,1.79,35.01
388,389,387,Sarmiento,Argentina Primera Division,0.99,1.44,34.88
389,390,388,Colon Santa Fe,Argentina Primera Division,1.09,1.57,34.83
390,391,389,Real Zaragoza,Spanish Segunda Division,0.84,1.25,34.75
391,392,378,Huddersfield Town,English League Championship,0.95,1.39,34.73
392,393,419,Sarpsborg,Norwegian Tippeligaen,1.39,1.95,34.72
393,394,393,Defensa y Justicia,Argentina Primera Division,1.02,1.49,34.58
394,395,394,Platense,Argentina Primera Division,0.86,1.28,34.58
395,396,397,Gimnasia La Plata,Argentina Primera Division,0.85,1.28,34.47
396,397,417,Grasshoppers Zürich,Swiss Raiffeisen Super League,1.35,1.92,34.44
397,398,403,Odd BK,Norwegian Tippeligaen,1.22,1.77,34.19
398,399,392,Plymouth Argyle,English League One,1.16,1.69,34.18
399,400,405,Patronato,Argentina Primera Division,0.99,1.48,34.15
400,401,390,Bari,Italy Serie B,1.08,1.59,34.13
401,402,386,Guingamp,French Ligue 2,1.01,1.5,34.06
402,403,363,Servette,Swiss Raiffeisen Super League,1.1,1.62,34.05
403,404,406,Real Oviedo,Spanish Segunda Division,0.84,1.28,34.0
404,405,407,Leganes,Spanish Segunda Division,0.84,1.29,33.96
405,406,396,Dundee Utd,Scottish Premiership,1.01,1.51,33.92
406,407,414,Ankaragucu,Turkish Turkcell Super Lig,1.09,1.62,33.82
407,408,410,Ballkani,UEFA Europa Conference League,1.2,1.76,33.76
408,409,411,Arsenal Sarandi,Argentina Primera Division,0.88,1.35,33.74
409,410,408,Arminia Bielefeld,German 2. Bundesliga,1.14,1.69,33.69
410,411,398,1. FC Heidenheim 1846,German 2. Bundesliga,1.12,1.68,33.63
411,412,391,F.B.C Unione Venezia,Italy Serie B,1.05,1.58,33.61
412,413,418,Central Córdoba Santiago del Estero,Argentina Primera Division,0.99,1.51,33.57
413,414,412,St Johnstone,Scottish Premiership,0.95,1.45,33.53
414,415,420,Kalmar FF,Swedish Allsvenskan,0.99,1.51,33.51
415,416,421,Barracas Central,Argentina Primera Division,0.99,1.51,33.5
416,417,409,Grenoble,French Ligue 2,0.79,1.25,33.43
417,418,422,Houston Dynamo,Major League Soccer,1.23,1.83,33.4
418,419,424,SD Huesca,Spanish Segunda Division,0.83,1.31,33.27
419,420,413,Hull City,English League Championship,1.03,1.57,33.21
420,421,425,Consadole Sapporo,Japanese J League,1.23,1.83,33.2
421,422,427,AIK,Swedish Allsvenskan,1.05,1.61,33.14
422,423,428,Sagan Tosu,Japanese J League,1.04,1.6,32.94
423,424,385,Amiens,French Ligue 2,0.87,1.38,32.82
424,425,431,Banfield,Argentina Primera Division,0.84,1.35,32.64
425,426,439,SpVgg Greuther Fürth,German 2. Bundesliga,1.04,1.62,32.61
426,427,395,AaB,Danish SAS-Ligaen,1.11,1.72,32.6
427,428,432,Dijon FCO,French Ligue 2,0.92,1.46,32.59
428,429,440,Hatayspor,Turkish Turkcell Super Lig,1.14,1.75,32.53
429,430,423,Spal,Italy Serie B,0.99,1.56,32.36
430,431,415,Juventude,Brasileiro Série A,0.96,1.52,32.34
431,432,434,Atlético Tucumán,Argentina Primera Division,0.9,1.46,32.24
432,433,435,Rigas Futbola Skola,UEFA Europa Conference League,1.16,1.8,32.23
433,434,437,Rotherham United,English League Championship,1.0,1.59,32.2
434,435,433,Viking FK,Norwegian Tippeligaen,1.34,2.03,32.13
435,436,438,Burgos,Spanish Segunda Division,0.72,1.22,32.0
436,437,441,Hannover 96,German 2. Bundesliga,1.03,1.65,31.94
437,438,426,Volos NFC,Greek Super League,1.07,1.71,31.76
438,439,468,Giresunspor,Turkish Turkcell Super Lig,1.0,1.62,31.69
439,440,429,Fakel Voronezh,Russian Premier Liga,1.04,1.67,31.65
440,441,446,Zalgiris Vilnius,UEFA Europa Conference League,1.1,1.79,30.99
441,442,447,Shonan Bellmare,Japanese J League,0.77,1.34,30.94
442,443,445,Tromso,Norwegian Tippeligaen,1.13,1.84,30.88
443,444,448,FC Andorra,Spanish Segunda Division,0.8,1.38,30.87
444,445,457,St Mirren,Scottish Premiership,0.95,1.6,30.7
445,446,449,Nimes,French Ligue 2,0.92,1.57,30.65
446,447,450,FC Vaduz,Swiss Raiffeisen Super League,0.96,1.63,30.56
447,448,459,Barnsley,English League One,0.89,1.53,30.45
448,449,443,SV Ried,Austrian T-Mobile Bundesliga,0.95,1.61,30.4
449,450,452,Kashiwa Reysol,Japanese J League,1.02,1.71,30.4
450,451,460,Laval,French Ligue 2,1.0,1.69,30.36
451,452,430,FC Sion,Swiss Raiffeisen Super League,1.16,1.91,30.33
452,453,444,Valenciennes,French Ligue 2,0.74,1.33,30.31
453,454,454,Shimizu S-Pulse,Japanese J League,1.1,1.85,30.07
454,455,455,Godoy Cruz,Argentina Primera Division,0.85,1.49,30.06
455,456,451,Cittadella,Italy Serie B,0.72,1.32,30.05
456,457,466,Ross County,Scottish Premiership,0.94,1.63,29.96
457,458,458,Haugesund,Norwegian Tippeligaen,1.04,1.77,29.89
458,459,473,Umraniyespor,Turkish Turkcell Super Lig,1.0,1.73,29.73
459,460,456,Hartberg,Austrian T-Mobile Bundesliga,1.08,1.84,29.68
460,461,462,Tampa Bay Rowdies,United Soccer League,0.98,1.71,29.66
461,462,442,Cashpoint SC Rheindorf Altach,Austrian T-Mobile Bundesliga,1.11,1.89,29.57
462,463,474,Pau,French Ligue 2,0.86,1.54,29.56
463,464,453,Peterborough United,English League One,1.06,1.81,29.54
464,465,464,DC United,Major League Soccer,1.08,1.85,29.47
465,466,436,KV Oostende,Belgian Jupiler League,1.09,1.88,29.32
466,467,467,Mirandes,Spanish Segunda Division,0.81,1.49,29.18
467,468,469,IFK Goteborg,Swedish Allsvenskan,1.06,1.84,29.17
468,469,470,Albacete,Spanish Segunda Division,0.86,1.56,29.17
469,470,471,Racing Santander,Spanish Segunda Division,0.74,1.39,29.14
470,471,463,Portsmouth,English League One,0.96,1.71,29.12
471,472,502,Oxford United,English League One,0.99,1.77,28.69
472,473,461,FC Khimki,Russian Premier Liga,0.94,1.7,28.55
473,474,476,HJK Helsinki,UEFA Europa League,0.94,1.71,28.47
474,475,477,Avispa Fukuoka,Japanese J League,0.76,1.45,28.46
475,476,475,Bastia,French Ligue 2,0.76,1.46,28.35
476,477,478,Guangzhou Evergrande,Chinese Super League,1.08,1.93,28.19
477,478,479,SD Ponferradina,Spanish Segunda Division,0.9,1.68,28.06
478,479,487,Sudtirol,Italy Serie B,0.88,1.66,27.97
479,480,480,IFK Norrkoping,Swedish Allsvenskan,1.03,1.88,27.93
480,481,491,1. FC Kaiserslautern,German 2. Bundesliga,0.97,1.79,27.92
481,482,499,Jahn Regensburg,German 2. Bundesliga,1.01,1.85,27.84
482,483,482,Villarreal B,Spanish Segunda Division,0.83,1.59,27.76
483,484,483,Eupen,Belgian Jupiler League,1.17,2.09,27.64
484,485,510,Panetolikos,Greek Super League,0.79,1.54,27.6
485,486,481,Modena,Italy Serie B,0.9,1.72,27.5
486,487,465,KV Kortrijk,Belgian Jupiler League,0.98,1.84,27.26
487,488,489,Gamba Osaka,Japanese J League,0.77,1.54,27.2
488,489,490,Málaga,Spanish Segunda Division,0.76,1.52,27.19
489,490,472,Sydney FC,Australian A-League,1.13,2.07,27.1
490,491,493,1. FC Nürnberg,German 2. Bundesliga,0.89,1.72,27.05
491,492,486,Stromsgodset,Norwegian Tippeligaen,1.11,2.04,27.02
492,493,503,Kilmarnock,Scottish Premiership,0.86,1.7,26.81
493,494,509,Wycombe Wanderers,English League One,0.89,1.75,26.75
494,495,492,Charlton Athletic,English League One,0.99,1.89,26.67
495,496,485,Istanbulspor,Turkish Turkcell Super Lig,0.91,1.79,26.55
496,497,496,Lugo,Spanish Segunda Division,0.76,1.56,26.54
497,498,519,US Quevilly,French Ligue 2,0.79,1.61,26.45
498,499,497,Annecy,French Ligue 2,0.72,1.51,26.38
499,500,484,Louisville City FC,United Soccer League,0.88,1.75,26.35
500,501,504,Asteras Tripolis,Greek Super League,0.7,1.48,26.33
501,502,498,Hansa Rostock,German 2. Bundesliga,0.86,1.73,26.25
502,503,494,Bolton,English League One,0.77,1.59,26.24
503,504,518,San Antonio FC,United Soccer League,0.81,1.66,26.23
504,505,512,Como,Italy Serie B,0.91,1.81,26.19
505,506,500,SV Zulte Waregem,Belgian Jupiler League,1.2,2.23,26.1
506,507,505,UD Ibiza,Spanish Segunda Division,0.74,1.57,26.02
507,508,488,Melbourne Victory,Australian A-League,0.93,1.85,25.95
508,509,501,Atromitos,Greek Super League,0.73,1.56,25.94
509,510,507,Mjallby,Swedish Allsvenskan,0.77,1.63,25.84
510,511,508,Birmingham Legion FC,United Soccer League,1.03,2.01,25.82
511,512,513,Perugia,Italy Serie B,0.73,1.57,25.55
512,513,524,Lyngby,Danish SAS-Ligaen,0.88,1.81,25.51
513,514,506,Kristiansund BK,Norwegian Tippeligaen,1.06,2.09,25.23
514,515,511,Torpedo Moskow,Russian Premier Liga,0.7,1.55,25.09
515,516,526,Rodez,French Ligue 2,0.64,1.46,25.07
516,517,515,Kyoto Purple Sanga,Japanese J League,0.63,1.45,24.99
517,518,516,Beijing Guoan,Chinese Super League,0.98,1.99,24.95
518,519,517,Aalesund,Norwegian Tippeligaen,0.82,1.76,24.93
519,520,514,Palermo,Italy Serie B,0.81,1.75,24.57
520,521,520,Shanghai SIPG,Chinese Super League,0.9,1.92,24.26
521,522,522,San Diego Loyal SC,United Soccer League,1.03,2.12,24.08
522,523,495,RFC Seraing,Belgian Jupiler League,0.87,1.9,23.87
523,524,523,Pyunik Yerevan,UEFA Europa Conference League,0.87,1.9,23.79
524,525,521,Ionikos FC,Greek Super League,0.8,1.8,23.7
525,526,525,Memphis 901 FC,United Soccer League,0.86,1.92,23.24
526,527,527,SV Sandhausen,German 2. Bundesliga,0.84,1.91,22.99
527,528,530,Sacramento Republic FC,United Soccer League,0.74,1.78,22.72
528,529,531,SuperSport United,South African ABSA Premier League,0.73,1.76,22.68
529,530,534,Lincoln City,English League One,0.72,1.76,22.36
530,531,533,Kaizer Chiefs,South African ABSA Premier League,0.69,1.72,22.35
531,532,529,Winterthur,Swiss Raiffeisen Super League,0.76,1.84,22.22
532,533,528,Milton Keynes Dons,English League One,0.71,1.77,22.14
533,534,542,Adelaide United,Australian A-League,0.9,2.08,21.94
534,535,537,Jubilo Iwata,Japanese J League,0.75,1.85,21.77
535,536,538,Pittsburgh Riverhounds,United Soccer League,0.73,1.83,21.76
536,537,536,Eintracht Braunschweig,German 2. Bundesliga,0.72,1.81,21.7
537,538,532,Hamarkamaratene,Norwegian Tippeligaen,0.71,1.8,21.61
538,539,541,OFI Crete,Greek Super League,0.71,1.8,21.6
539,540,545,Cosenza,Italy Serie B,0.76,1.88,21.47
540,541,551,Exeter City,English League One,0.88,2.09,21.4
541,542,540,Niort,French Ligue 2,0.67,1.76,21.26
542,543,539,Aldosivi,Argentina Primera Division,0.68,1.77,21.25
543,544,543,1. FC Magdeburg,German 2. Bundesliga,0.82,2.02,21.1
544,545,544,Rio Grande Valley FC Toros,United Soccer League,0.69,1.83,20.75
545,546,546,New Mexico United,United Soccer League,0.75,1.93,20.65
546,547,547,Shamrock Rovers,UEFA Europa Conference League,0.69,1.84,20.63
547,548,549,IK Sirius,Swedish Allsvenskan,0.73,1.9,20.51
548,549,552,Central Coast Mariners,Australian A-League,0.91,2.22,20.32
549,550,548,Levadiakos,Greek Super League,0.61,1.72,20.27
550,551,535,Giannina,Greek Super League,0.69,1.9,19.76
551,552,553,Colorado Springs Switchbacks FC,United Soccer League,0.74,2.0,19.66
552,553,554,Degerfors IF,Swedish Allsvenskan,0.73,1.97,19.64
553,554,555,Bristol Rovers,English League One,0.86,2.2,19.53
554,555,556,Oakland Roots,United Soccer League,0.74,2.0,19.47
555,556,550,Shrewsbury Town,English League One,0.56,1.69,19.43
556,557,557,Miami FC,United Soccer League,0.66,1.87,19.4
557,558,565,Western Sydney FC,Australian A-League,0.72,1.98,19.35
558,559,558,Orlando Pirates,South African ABSA Premier League,0.47,1.53,19.31
559,560,559,Fleetwood Town,English League One,0.61,1.8,19.2
560,561,560,Western United,Australian A-League,0.86,2.23,19.2
561,562,561,Sandefjord,Norwegian Tippeligaen,0.93,2.38,18.78
562,563,562,Shandong Luneng,Chinese Super League,0.82,2.22,18.5
563,564,563,Jiangsu Suning FC,Chinese Super League,0.71,2.04,18.37
564,565,564,IFK Värnamo,Swedish Allsvenskan,0.69,2.02,18.36
565,566,567,Arizona United,United Soccer League,0.8,2.25,17.67
566,567,569,Black Aces,South African ABSA Premier League,0.49,1.73,17.37
567,568,575,Northampton Town,English League Two,0.62,1.97,17.26
568,569,568,Swindon Town,English League Two,0.62,2.0,17.0
569,570,570,Newcastle Jets,Australian A-League,0.72,2.19,16.89
570,571,579,Leyton Orient,English League Two,0.51,1.83,16.46
571,572,577,FK Jerv,Norwegian Tippeligaen,0.75,2.29,16.36
572,573,571,Detroit City FC,United Soccer League,0.51,1.85,16.31
573,574,566,Port Vale,English League One,0.62,2.05,16.3
574,575,573,El Paso Locomotive FC,United Soccer League,0.69,2.18,16.27
575,576,574,Wellington Phoenix,Australian A-League,0.74,2.3,15.95
576,577,578,Varbergs BoIS FC,Swedish Allsvenskan,0.71,2.26,15.85
577,578,582,Cheltenham Town,English League One,0.55,1.98,15.63
578,579,580,Brisbane Roar,Australian A-League,0.58,2.04,15.59
579,580,572,Salford City,English League Two,0.44,1.79,15.37
580,581,576,Lamia,Greek Super League,0.39,1.7,15.18
581,582,581,Stellenbosch FC,South African ABSA Premier League,0.43,1.79,15.16
582,583,586,Burton Albion,English League One,0.69,2.29,15.15
583,584,585,Mansfield Town,English League Two,0.62,2.17,15.09
584,585,583,Orange County SC,United Soccer League,0.57,2.08,14.94
585,586,584,Golden Arrows,South African ABSA Premier League,0.49,1.92,14.89
586,587,589,Macarthur FC,Australian A-League,0.7,2.41,14.1
587,588,587,Hartford Athletic,United Soccer League,0.73,2.48,14.01
588,589,594,Bradford City,English League Two,0.42,1.9,13.81
589,590,596,Doncaster Rovers,English League Two,0.52,2.11,13.75
590,591,588,Cambridge United,English League One,0.49,2.05,13.57
591,592,591,AmaZulu,South African ABSA Premier League,0.3,1.65,13.49
592,593,592,Chippa United,South African ABSA Premier League,0.42,1.92,13.47
593,594,590,Accrington Stanley,English League One,0.53,2.18,13.16
594,595,593,Tulsa Roughnecks,United Soccer League,0.66,2.46,12.98
595,596,595,Stevenage,English League Two,0.41,2.01,12.29
596,597,605,Stockport County,English League Two,0.44,2.09,12.23
597,598,597,Monterey Bay,United Soccer League,0.5,2.23,12.2
598,599,598,Royal AM,South African ABSA Premier League,0.45,2.13,12.11
599,600,599,Sekhukhune United,South African ABSA Premier League,0.3,1.78,12.09
600,601,600,Richards Bay,South African ABSA Premier League,0.3,1.79,12.02
601,602,602,Morecambe,English League One,0.45,2.14,11.94
602,603,604,Tranmere Rovers,English League Two,0.31,1.84,11.81
603,604,601,Tianjin Teda,Chinese Super League,0.5,2.26,11.8
604,605,603,Moroka Swallows,South African ABSA Premier League,0.38,2.03,11.61
605,606,606,Shanghai Greenland,Chinese Super League,0.56,2.47,11.13
606,607,609,LA Galaxy II,United Soccer League,0.57,2.51,10.91
607,608,610,TS Galaxy,South African ABSA Premier League,0.2,1.68,10.82
608,609,611,Tshakhuma Tsha Madzivhandila,South African ABSA Premier League,0.2,1.68,10.79
609,610,613,Hebei China Fortune FC,Chinese Super League,0.5,2.43,10.52
610,611,612,AFC Wimbledon,English League Two,0.41,2.21,10.5
611,612,615,Henan Jianye,Chinese Super League,0.46,2.36,10.34
612,613,607,Forest Green Rovers,English League One,0.42,2.27,10.27
613,614,608,Barrow,English League Two,0.32,2.05,10.26
614,615,616,Charleston Battery,United Soccer League,0.58,2.65,10.05
615,616,617,Dalian Aerbin,Chinese Super League,0.51,2.51,9.96
616,617,618,Perth Glory,Australian A-League,0.4,2.28,9.88
617,618,614,Carlisle United,English League Two,0.33,2.13,9.81
618,619,619,Guangzhou RF,Chinese Super League,0.66,2.86,9.74
619,620,620,Indy Eleven,United Soccer League,0.43,2.38,9.67
620,621,622,Wuhan Zall,Chinese Super League,0.39,2.32,9.4
621,622,623,Helsingborgs IF,Swedish Allsvenskan,0.35,2.23,9.3
622,623,621,Colchester United,English League Two,0.31,2.21,8.78
623,624,625,Las Vegas Lights FC,United Soccer League,0.34,2.28,8.73
624,625,627,Maritzburg Utd,South African ABSA Premier League,0.2,1.95,8.57
625,626,629,Crawley Town,English League Two,0.37,2.41,8.43
626,627,624,Grimsby Town,English League Two,0.25,2.13,8.32
627,628,626,Walsall,English League Two,0.21,2.01,8.31
628,629,628,Newport County,English League Two,0.25,2.13,8.18
629,630,631,GIF Sundsvall,Swedish Allsvenskan,0.52,2.81,8.15
630,631,632,Gillingham,English League Two,0.2,2.05,7.83
631,632,633,Tianjin Quanujian,Chinese Super League,0.37,2.51,7.83
632,633,634,Shenzhen FC,Chinese Super League,0.4,2.6,7.73
633,634,635,Chongqing Lifan,Chinese Super League,0.3,2.35,7.66
634,635,637,Crewe Alexandra,English League Two,0.21,2.15,7.5
635,636,630,Sutton United,English League Two,0.24,2.25,7.37
636,637,636,Rochdale,English League Two,0.2,2.15,7.23
637,638,638,Atlanta United 2,United Soccer League,0.48,3.01,6.47
638,639,640,Loudoun United FC,United Soccer League,0.33,2.75,5.86
639,640,639,Harrogate Town,English League Two,0.25,2.56,5.7
640,641,641,Hartlepool,English League Two,0.2,2.49,5.4
641,642,642,Guizhou Renhe,Chinese Super League,0.2,2.61,4.86
642,643,643,New York Red Bulls II,United Soccer League,0.2,2.82,4.03
